9784761,00003A71,00000000,2660,"20191216115945","20191216120029",4,-1,-1,"SYSTEM","","v0076024",111096,"MS932","WinHTTP Web Proxy Auto-Discovery Service サービスは、次のエラーが原因で開始できなかった DHCP Client サービスに依存しています: 
指定されたサービスは無効であるか、または有効なデバイスが関連付けられていないため、開始できません。","Error","","/HITACHI/JP1/NTEVENT_LOGTRAP/Microsoft-Windows-Service Control Manager","LOGFILE","NTEVENTLOG","LOGFILE","NTEVENTLOG","","","","","","","","","","","","","",
9784762,00003A71,00000000,2660,"20191216115945","20191216120029",4,-1,-1,"SYSTEM","","v0076024",111097,"MS932","WinHTTP Web Proxy Auto-Discovery Service サービスは、次のエラーが原因で開始できなかった DHCP Client サービスに依存しています: 
指定されたサービスは無効であるか、または有効なデバイスが関連付けられていないため、開始できません。","Error","","/HITACHI/JP1/NTEVENT_LOGTRAP/Microsoft-Windows-Service Control Manager","LOGFILE","NTEVENTLOG","LOGFILE","NTEVENTLOG","","","","","","","","","","","","","",
9784863,00003A71,00000000,2660,"20191216120030","20191216120114",4,-1,-1,"SYSTEM","","v0076024",111098,"MS932","WinHTTP Web Proxy Auto-Discovery Service サービスは、次のエラーが原因で開始できなかった DHCP Client サービスに依存しています: 
指定されたサービスは無効であるか、または有効なデバイスが関連付けられていないため、開始できません。","Error","","/HITACHI/JP1/NTEVENT_LOGTRAP/Microsoft-Windows-Service Control Manager","LOGFILE","NTEVENTLOG","LOGFILE","NTEVENTLOG","","","","","","","","","","","","","",
9784902,00003A71,00000000,2660,"20191216120051","20191216120135",4,-1,-1,"SYSTEM","","v0076024",111099,"MS932","WinHTTP Web Proxy Auto-Discovery Service サービスは、次のエラーが原因で開始できなかった DHCP Client サービスに依存しています: 
指定されたサービスは無効であるか、または有効なデバイスが関連付けられていないため、開始できません。","Error","","/HITACHI/JP1/NTEVENT_LOGTRAP/Microsoft-Windows-Service Control Manager","LOGFILE","NTEVENTLOG","LOGFILE","NTEVENTLOG","","","","","","","","","","","","","",
9785010,00003A71,00000000,2660,"20191216120151","20191216120235",4,-1,-1,"SYSTEM","","v0076024",111100,"MS932","WinHTTP Web Proxy Auto-Discovery Service サービスは、次のエラーが原因で開始できなかった DHCP Client サービスに依存しています: 
指定されたサービスは無効であるか、または有効なデバイスが関連付けられていないため、開始できません。","Error","","/HITACHI/JP1/NTEVENT_LOGTRAP/Microsoft-Windows-Service Control Manager","LOGFILE","NTEVENTLOG","LOGFILE","NTEVENTLOG","","","","","","","","","","","","","",
9785040,00003A71,00000000,2660,"20191216120212","20191216120256",4,-1,-1,"SYSTEM","","v0076024",111101,"MS932","WinHTTP Web Proxy Auto-Discovery Service サービスは、次のエラーが原因で開始できなかった DHCP Client サービスに依存しています: 
指定されたサービスは無効であるか、または有効なデバイスが関連付けられていないため、開始できません。","Error","","/HITACHI/JP1/NTEVENT_LOGTRAP/Microsoft-Windows-Service Control Manager","LOGFILE","NTEVENTLOG","LOGFILE","NTEVENTLOG","","","","","","","","","","","","","",
9785588,00003A71,00000000,2660,"20191216120712","20191216120756",4,-1,-1,"SYSTEM","","v0076024",111102,"MS932","WinHTTP Web Proxy Auto-Discovery Service サービスは、次のエラーが原因で開始できなかった DHCP Client サービスに依存しています: 
指定されたサービスは無効であるか、または有効なデバイスが関連付けられていないため、開始できません。","Error","","/HITACHI/JP1/NTEVENT_LOGTRAP/Microsoft-Windows-Service Control Manager","LOGFILE","NTEVENTLOG","LOGFILE","NTEVENTLOG","","","","","","","","","","","","","",
9785620,00003A71,00000000,2660,"20191216120733","20191216120817",4,-1,-1,"SYSTEM","","v0076024",111103,"MS932","WinHTTP Web Proxy Auto-Discovery Service サービスは、次のエラーが原因で開始できなかった DHCP Client サービスに依存しています: 
指定されたサービスは無効であるか、または有効なデバイスが関連付けられていないため、開始できません。","Error","","/HITACHI/JP1/NTEVENT_LOGTRAP/Microsoft-Windows-Service Control Manager","LOGFILE","NTEVENTLOG","LOGFILE","NTEVENTLOG","","","","","","","","","","","","","",
